Designator,Value,Footprint,LCSC,MfrPart,Populate,Function,Note
C1,100nF,C_0402_1005Metric,C1525,,yes,U1 VCCA,
C2,100nF,C_0402_1005Metric,C1525,,yes,U1 VCCB,
C3,100nF,C_0402_1005Metric,C1525,,yes,U2 VCCA,
C4,100nF,C_0402_1005Metric,C1525,,yes,U2 VCCB,
C5,100nF,C_0402_1005Metric,C1525,,yes,U3 VCCA,
C6,100nF,C_0402_1005Metric,C1525,,yes,U3 VCCB,
C7,100nF,C_0402_1005Metric,C1525,,yes,U4 VCC,
C8,100nF,C_0402_1005Metric,C1525,,yes,U5 VCC,
C9,100nF,C_0402_1005Metric,C1525,,yes,U6 VCC,
C10,100nF,C_0402_1005Metric,C1525,,yes,U7 VCC,
C11,100nF,C_0402_1005Metric,C1525,,yes,U8 VCCA,
C12,100nF,C_0402_1005Metric,C1525,,yes,U8 VCCB,
C13,100nF,C_0402_1005Metric,C1525,,yes,U9 VCCA,
C14,100nF,C_0402_1005Metric,C1525,,yes,U9 VCCB,
C15,100nF,C_0402_1005Metric,C1525,,yes,U10 VCCA,
C16,100nF,C_0402_1005Metric,C1525,,yes,U10 VCCB,
C17,100nF,C_0402_1005Metric,C1525,,yes,U11 VCCA,
C18,100nF,C_0402_1005Metric,C1525,,yes,U11 VCCB,
C19,100nF,C_0402_1005Metric,C1525,,yes,U12 input,
C20,1uF,C_0402_1005Metric,C52923,,yes,U12 output,
C21,100nF,C_0402_1005Metric,C1525,,yes,"DB1 +3V3 entry, before FB1",
C22,100nF,C_0402_1005Metric,C1525,,yes,"+3V3 bulk, high frequency",
C23,100nF,C_0402_1005Metric,C1525,,yes,"+2V5 bulk, high frequency",
C24,10uF,C_0805_2012Metric,C15850,,yes,"+3V3 bulk, after FB1. 10 uF 25 V X5R 0805 - kept small on purpose, see the inrush note",
C25,10uF,C_0805_2012Metric,C15850,,yes,"+2V5 bulk, U12 output",
C26,10uF,C_0805_2012Metric,C15850,,yes,"+3V3 bulk on the DB1 side of FB1, so the bead sees a capacitor on both sides",
C27,10pF,C_0402_1005Metric,C32949,,yes,"Link-alive detector pump capacitor, 10 pF C0G. PLACE WITHIN 3 mm OF U11",
C28,10nF,C_0402_1005Metric,C15195,,yes,"Link-alive detector hold capacitor, 10 nF",
C29,100uF,CP_EIA-3528-21_Kemet-B,C16133,TAJB107K006RNJ,yes,"3.3 V input filter capacitor, 100 uF 6.3 V tantalum, ESR 1.7 ohm, which damps the LC. Return it to ground beside DB1 pins 13/14. PLACE WITHIN 8 mm OF J2 PINS 19/20",
C30,10nF,C_0805_2012Metric,C1710,,DNP,"Shell RF bond, 10 nF 0805, beside R_SHELL. PLACE WITHIN 3 mm OF R_SHELL","NOT FITTED. Bring-up trial: lift R_SHELL and fit this, so the shell is DC-open but RF-bonded to ground."
C101,10nF,C_0805_2012Metric,C1710,,DNP,"Shell RF bond, 10 nF 0805, beside R117. PLACE WITHIN 3 mm OF R117","NOT FITTED. Bring-up trial: lift R117 and fit this, so the shell is DC-open but RF-bonded to ground."
D1,TPD4E05U06,USON-10_2.5x1.0mm_P0.5mm,C138714,TPD4E05U06DQAR,yes,"Quad 0.5 pF ESD array, 5.5 V, USON-10","PLACE WITHIN 5 mm OF THE SlimSAS CONTACTS, on the connector side of the terminations, the series resistors and the buffers, with the shortest possible ground return."
D2,TPD4E05U06,USON-10_2.5x1.0mm_P0.5mm,C138714,TPD4E05U06DQAR,yes,"Quad 0.5 pF ESD array, 5.5 V, USON-10","PLACE WITHIN 5 mm OF THE SlimSAS CONTACTS, on the connector side of the terminations, the series resistors and the buffers, with the shortest possible ground return."
D3,TPD4E05U06,USON-10_2.5x1.0mm_P0.5mm,C138714,TPD4E05U06DQAR,yes,"Quad 0.5 pF ESD array, 5.5 V, USON-10","PLACE WITHIN 5 mm OF THE SlimSAS CONTACTS, on the connector side of the terminations, the series resistors and the buffers, with the shortest possible ground return."
D4,TPD4E05U06,USON-10_2.5x1.0mm_P0.5mm,C138714,TPD4E05U06DQAR,yes,"Quad 0.5 pF ESD array, 5.5 V, USON-10","PLACE WITHIN 5 mm OF THE SlimSAS CONTACTS, on the connector side of the terminations, the series resistors and the buffers, with the shortest possible ground return."
D5,TPD4E05U06,USON-10_2.5x1.0mm_P0.5mm,C138714,TPD4E05U06DQAR,yes,"Quad 0.5 pF ESD array, 5.5 V, USON-10","PLACE WITHIN 5 mm OF THE SlimSAS CONTACTS, on the connector side of the terminations, the series resistors and the buffers, with the shortest possible ground return."
D6,TPD4E05U06,USON-10_2.5x1.0mm_P0.5mm,C138714,TPD4E05U06DQAR,yes,"Quad 0.5 pF ESD array, 5.5 V, USON-10","PLACE WITHIN 5 mm OF THE SlimSAS CONTACTS, on the connector side of the terminations, the series resistors and the buffers, with the shortest possible ground return."
D7,TPD4E05U06,USON-10_2.5x1.0mm_P0.5mm,C138714,TPD4E05U06DQAR,yes,"Quad 0.5 pF ESD array, 5.5 V, USON-10","PLACE WITHIN 5 mm OF THE SlimSAS CONTACTS, on the connector side of the terminations, the series resistors and the buffers, with the shortest possible ground return."
D8,TPD4E05U06,USON-10_2.5x1.0mm_P0.5mm,C138714,TPD4E05U06DQAR,yes,"Quad 0.5 pF ESD array, 5.5 V, USON-10","PLACE WITHIN 5 mm OF THE SlimSAS CONTACTS, on the connector side of the terminations, the series resistors and the buffers, with the shortest possible ground return."
D9,TPD4E05U06,USON-10_2.5x1.0mm_P0.5mm,C138714,TPD4E05U06DQAR,yes,"Quad 0.5 pF ESD array, 5.5 V, USON-10","PLACE WITHIN 5 mm OF THE SlimSAS CONTACTS, on the connector side of the terminations, the series resistors and the buffers, with the shortest possible ground return."
D10,TPD4E05U06,USON-10_2.5x1.0mm_P0.5mm,C138714,TPD4E05U06DQAR,yes,"Quad 0.5 pF ESD array, 5.5 V, USON-10","PLACE WITHIN 5 mm OF THE SlimSAS CONTACTS, on the connector side of the terminations, the series resistors and the buffers, with the shortest possible ground return."
D11,TPD4E05U06,USON-10_2.5x1.0mm_P0.5mm,C138714,TPD4E05U06DQAR,yes,"Quad 0.5 pF ESD array, 5.5 V, USON-10","PLACE WITHIN 5 mm OF THE SlimSAS CONTACTS, on the connector side of the terminations, the series resistors and the buffers, with the shortest possible ground return."
D12,TPD4E05U06,USON-10_2.5x1.0mm_P0.5mm,C138714,TPD4E05U06DQAR,yes,"Quad 0.5 pF ESD array, 5.5 V, USON-10","PLACE WITHIN 5 mm OF THE SlimSAS CONTACTS, on the connector side of the terminations, the series resistors and the buffers, with the shortest possible ground return."
D13,RB751V-40,D_SOD-323,C7502691,RB751V-40,yes,"Link-alive detector clamp diode: cathode LA_PUMP, anode GND. PLACE WITHIN 3 mm OF U11",
D14,RB751V-40,D_SOD-323,C7502691,RB751V-40,yes,"Link-alive detector rectifier: anode LA_PUMP, cathode LINK_ALIVE. PLACE WITHIN 3 mm OF U11",
D101,TPD4E05U06,USON-10_2.5x1.0mm_P0.5mm,C138714,TPD4E05U06DQAR,yes,"Quad 0.5 pF ESD array, 5.5 V, USON-10",PLACE WITHIN 5 mm OF THE SlimSAS CONTACTS.
D102,TPD4E05U06,USON-10_2.5x1.0mm_P0.5mm,C138714,TPD4E05U06DQAR,yes,"Quad 0.5 pF ESD array, 5.5 V, USON-10",PLACE WITHIN 5 mm OF THE SlimSAS CONTACTS.
D103,TPD4E05U06,USON-10_2.5x1.0mm_P0.5mm,C138714,TPD4E05U06DQAR,yes,"Quad 0.5 pF ESD array, 5.5 V, USON-10",PLACE WITHIN 5 mm OF THE SlimSAS CONTACTS.
D104,TPD4E05U06,USON-10_2.5x1.0mm_P0.5mm,C138714,TPD4E05U06DQAR,yes,"Quad 0.5 pF ESD array, 5.5 V, USON-10",PLACE WITHIN 5 mm OF THE SlimSAS CONTACTS.
D105,TPD4E05U06,USON-10_2.5x1.0mm_P0.5mm,C138714,TPD4E05U06DQAR,yes,"Quad 0.5 pF ESD array, 5.5 V, USON-10",PLACE WITHIN 5 mm OF THE SlimSAS CONTACTS.
D106,TPD4E05U06,USON-10_2.5x1.0mm_P0.5mm,C138714,TPD4E05U06DQAR,yes,"Quad 0.5 pF ESD array, 5.5 V, USON-10",PLACE WITHIN 5 mm OF THE SlimSAS CONTACTS.
D107,TPD4E05U06,USON-10_2.5x1.0mm_P0.5mm,C138714,TPD4E05U06DQAR,yes,"Quad 0.5 pF ESD array, 5.5 V, USON-10",PLACE WITHIN 5 mm OF THE SlimSAS CONTACTS.
D108,TPD4E05U06,USON-10_2.5x1.0mm_P0.5mm,C138714,TPD4E05U06DQAR,yes,"Quad 0.5 pF ESD array, 5.5 V, USON-10",PLACE WITHIN 5 mm OF THE SlimSAS CONTACTS.
D109,TPD4E05U06,USON-10_2.5x1.0mm_P0.5mm,C138714,TPD4E05U06DQAR,yes,"Quad 0.5 pF ESD array, 5.5 V, USON-10",PLACE WITHIN 5 mm OF THE SlimSAS CONTACTS.
D110,TPD4E05U06,USON-10_2.5x1.0mm_P0.5mm,C138714,TPD4E05U06DQAR,yes,"Quad 0.5 pF ESD array, 5.5 V, USON-10",PLACE WITHIN 5 mm OF THE SlimSAS CONTACTS.
D111,TPD4E05U06,USON-10_2.5x1.0mm_P0.5mm,C138714,TPD4E05U06DQAR,yes,"Quad 0.5 pF ESD array, 5.5 V, USON-10",PLACE WITHIN 5 mm OF THE SlimSAS CONTACTS.
D112,TPD4E05U06,USON-10_2.5x1.0mm_P0.5mm,C138714,TPD4E05U06DQAR,yes,"Quad 0.5 pF ESD array, 5.5 V, USON-10",PLACE WITHIN 5 mm OF THE SlimSAS CONTACTS.
FB1,120R/2A,L_0603_1608Metric,C14709,BLM18PG121SN1D,yes,"Input filter on the 3.3 V the board takes from DB1 pins 19/20. 120 ohm at 100 MHz, 2 A, 50 mOhm, so 15 mV of drop at 300 mA. Keeps this board's switching currents out of the radio's 3.3 V rail, which has no bead, resistor, fuse or TVS of its own between the regulator and the header","JLCPCB Basic. The only Basic bead that combines >=1 A with <=150 mOhm; no Basic bead reaches 600 ohm at that current, and 120 ohm is ample for a rail filter."
FB2,120R/2A,L_0603_1608Metric,C14709,BLM18PG121SN1D,DNP,Input filter for the OPTIONAL Vlvds tap,NOT FITTED. Only fit together with SL_VLVDS and only with U12 removed.
J1,SlimSAS 8i 74P R/A,SlimSAS_SFF-8654_8i_74P_RightAngle,C5432262,Amphenol ICC U10A474240T,yes,"SlimSAS SFF-8654 8i, 74 position, right angle. 16 differential pairs plus 16 sideband contacts. Row A is driven by this board, row B is received; the cable crosses A(n) to B(n), which is what lets ONE design sit at both ends","Reflow the 74 SMD contacts, then solder the four 2.2 mm through-hole shell tails. Mating face nominally 0.20 mm behind the board edge - see the SLIMSAS comment block for the one dimension no document gave and check it before cutting the panel window. Insertion force 55.5 N max, 250 mating cycles min."
J2,DB1 2x10 socket,PinSocket_2x10_P2.54mm_Vertical,,JXTCONN PM2.54-2X10P-H85 (LCSC C42431860) or any 2.54 mm 2x10 vertical female socket,DNP,"Mates HL2 DB1. HAND SOLDERED, bottom side","NOT PLACED BY JLCPCB - hand soldered on the underside. DB1 is marked DNI in the HL2 BOM, so the male header on the radio may need soldering too. Pin 1 (FPGA 72) reaches the FPGA only through HL2 solder jumper J25 and is used here for a DC enable level only; if J25 is left open the AUXIO drive feature is simply unavailable and the board is unaffected."
J3,DB12 2x03 socket,PinSocket_2x03_P2.54mm_Vertical,,"2.54 mm 2x3P female header, VERTICAL (top entry). LCSC stocks no vertical 2x3 socket - buy a 2x4 and cut it down, or source outside LCSC",DNP,"Mates HL2 DB12. HAND SOLDERED, bottom side","NOT PLACED BY JLCPCB. NOTE THE ORDER: pin 5 = FPGA PIN_89 (auxiliary clock in) and pin 6 = FPGA PIN_88 (reverse clock in). rev A of PINMAP.md had these two transposed; check_netlist.py now asserts it. Also: HL2 R17, the optional 100 R LVDS termination between DB12 pins 5 and 6, MUST NOT BE POPULATED - it shorts the two nets together through 100 R."
J4,CN1 2x05 socket,PinSocket_2x05_P2.54mm_Vertical,,PM254V-12-10P-H85 (LCSC C492399) or any 2.54 mm 2x5 vertical female socket,DNP,"Mates HL2 CN1, the USB-Blaster JTAG header","NOT PLACED BY JLCPCB - hand soldered on the underside. THE TOLERANCE WARNING: this is the third rigid 2.54 mm socket on one board, 54.19 mm from DB1, and HL2_MECHANICAL_ENVELOPE.md 12.2 puts the worst-case misalignment at CN1 relative to DB1 at about +/-0.8 mm against the +/-0.35 mm a 2.54 mm socket takes comfortably. If it will not engage, LEAVE J4 OFF and run a flying 10-way IDC ribbon from CN1 to J5 instead - J5 carries the same ten nets and needs no other change."
J5,JTAG pass-through,PinHeader_2x05_P2.54mm_Vertical,,"PZ254V-12-10P (LCSC C492422) 2.54 mm 2x5 vertical male header, or DC3-2.54-10PAS (LCSC C2977596) if a keyed boxed header is preferred",DNP,"Straight passive pass-through of all ten CN1 nets, so a USB Blaster still plugs in locally with this board fitted. Also the alternative CN1 connection: a flying 10-way IDC ribbon from CN1 to here replaces J4","PURELY PASSIVE: socket straight through to header, ten nets, no branches other than the four buffered taps. Pins 6, 7 and 8 are left open - unconnected on the HL2 today but nCE/nCS/nCONFIG in Active Serial mode. DO NOT draw supply current from pin 4: it is the programmer VTREF sense line and expects microamps. This board's power comes from DB1 pins 19/20."
J101,SlimSAS 8i 74P R/A,SlimSAS_SFF-8654_8i_74P_RightAngle_M3,C5432262,Amphenol ICC U10A474240T,yes,"SlimSAS SFF-8654 8i at the Gowin end. Same part and same contact land pattern as J1 at the radio end, plus the M3 spacer hole over dock hole H7_LU1. Row A is driven by this end, row B is received; the cable crosses A(n) to B(n)","Mating face at dock x 89.73, flush with the dock RJ45 face. Reflow the 74 contacts, hand-solder the four shell tails. The M3 hole under the housing takes a spacer fixed from BELOW: the housing covers the top of it."
J102,"TANG J14 pos 5-40, 2x18",PinSocket_2x18_P2.54mm_Vertical,,"SCHEME 1: Hong Cheng HC-PZ254-11.5L-2X18PZ, LCSC C41376109, 2x18 male (3.0 mm tail, 2.5 mm insulator, 6.0 mm mating), fitted UPSIDE DOWN: the 3.0 mm end goes down into the dock socket, the 6.0 mm end up through the adapter, soldered on top and clipped. SCHEME 2: hanxia HX PM2.54-2x18P ZC, LCSC C42372542, 2x18 female, 8.5 mm body, on the adapter underside",DNP,"Mates Tang Mega 138K dock J14 positions 5-40 (FPGA Bank 4). Pin k of this part is J14 position k+4. HAND SOLDERED, bottom side","NOT PLACED BY JLCPCB. J14 positions 1-4 lie under the SlimSAS connector and are NOT fitted on either side of the stack. Position 11 (pin 7 here) is the dock 5 V rail and is left unconnected; position 12 (pin 8 here) is the only ground. Positions 5-8 are PMOD0 and 21-28 are PMOD1 and the camera: nothing may be plugged into either PMOD socket or the camera connector while fitted. Dock side, scheme 1: kinghelm KH-2.54FH-2X18P-H5.0, LCSC C55160396, 2x18 female, 5.0 mm body, soldered into dock J14 positions 5-40. Dock side, scheme 2: Hong Cheng HC-PZ254-11.5L-2X18PZ, LCSC C41376109, 2x18 male, 2.5 mm insulator, soldered into dock J14 positions 5-40."
L1,4.7uH,L_Sunlord_SWPA4030S,C193025,SWPA4030S4R7NT,yes,"3.3 V input filter inductor, 4.7 uH 2 A 78 mOhm shielded 4 x 4 mm, after FB1. PLACE WITHIN 8 mm OF J2 PINS 19/20",
Q1,AO3400A,SOT-23,C20917,AO3400A,yes,"AUXIO drive presence interlock: the drive buffer can be enabled only while the gateware enables AND a powered far end asserts presence. N-MOSFET, gate SB_PRSNT_IN, source AUXIO_EN_LA_N (the enable after the link-alive gate Q4), drain AUXIO_OE_N",JLCPCB Basic. With the cable unplugged or the far end unpowered the gate is held at 0 V and the AUXIO drive path is tri-stated whatever the gateware does.
Q2,AO3400A,SOT-23,C20917,AO3400A,yes,"Receiver output enable: gate LINK_ALIVE, source GND, drain RX_EN_N. RX_EN_N drives EN* of U6 and U7 and OE* of U3; every output that can drive a radio FPGA pin is high-impedance unless this is on",
Q3,AO3400A,SOT-23,C20917,AO3400A,yes,"JTAG enable gate: gate LINK_ALIVE, source JTAG_EN_RAW_N (U2 output from FPGA pin 80), drain JTAG_EN_N. Stock gateware drives pin 80 LOW, which alone would enable the JTAG buffers",
Q4,AO3400A,SOT-23,C20917,AO3400A,yes,"AUXIO enable gate, in series with Q1: gate LINK_ALIVE, source AUXIO_EN_N (U2 output from FPGA pin 72), drain AUXIO_EN_LA_N. Stock gateware drives pin 72 LOW",
Q5,AO3400A,SOT-23,C20917,AO3400A,yes,"Presence output enable: gate SB_PRSNT_IN, source GND, drain PRSNT_OE_N, which drives OE* of U8 (both ports) and U10 port 1. Far end absent or unpowered: gate held at 0 V by 10 k, PRSNT_OE_N pulled HIGH, both buffers off",
Q6,AO3400A,SOT-23,C20917,AO3400A,yes,"Link-alive clamp: gate PRSNT_OE_N, source GND, drain LINK_ALIVE. No far end present -> LINK_ALIVE held LOW",
R_CLKSEL_A,0R,R_0402_1005Metric,C17168,,yes,Reverse clock into FPGA pin 88 from the PRIMARY clock lane. FITTED by default,
R_CLKSEL_B,0R,R_0402_1005Metric,C17168,,DNP,Reverse clock into FPGA pin 88 from the DUPLICATE clock lane instead,"NOT FITTED. FIT EXACTLY ONE OF R_CLKSEL_A AND R_CLKSEL_B. This is the hardware half of the duplicate clock: if the primary clock lane loses a trace, a contact or a solder joint, move the link."
R_DRVEN_ON,0R,R_0402_1005Metric,C17168,,DNP,"LVDS drivers always enabled. NOT FITTED since 13 Sep 2026: bench use only, with no far end to protect",NOT FITTED. FIT AT MOST ONE OF R_DRVEN_ON AND R_DRVEN_PRSNT.
R_DRVEN_PRSNT,0R,R_0402_1005Metric,C17168,,yes,"LVDS drivers enabled only while the far end is present, powered and (at the Gowin end) configured. FITTED since 13 Sep 2026 so a powered radio pushes no LVDS current into an unpowered Tang",FITTED. FIT AT MOST ONE OF R_DRVEN_ON AND R_DRVEN_PRSNT. Needs the sideband cable CAB-8654/8654-8i-P: the no-sideband variant would leave the link dead.
R_SHELL,0R,R_0805_2012Metric,C17477,,yes,Connector shell and its four through-hole tails to board ground. 0805 so the shield can be lifted if a ground loop ever appears,
R_LBYP,0R,R_0805_2012Metric,C17477,,DNP,Bypass across L1 for the bring-up noise comparison,NOT FITTED. Fit only to compare the noise floor with the LC filter bypassed.
R1,100R,R_0402_1005Metric,C25076,,yes,"Forward clock divider, series leg. 3.3 V FPGA pin 98 down to 2.50 V for the translator A-side input",
R2,470R,R_0402_1005Metric,C25117,,yes,"Forward clock divider, shunt leg. 5.8 mA from pin 98, Thevenin 132 ohm, 320 mV under the 3.0 V A-side absolute maximum at the worst corner",
R3,330R,R_0402_1005Metric,C25104,,yes,"AUXIO line 0 series resistor, DB1-10 = FPGA pin 90. Limits contention to 7.4 mA worst case if the radio drives this pin while the DRIVE path is enabled. CW/PTT ring. 2.2k pull-up to +3V3 (R75), 100R to the KEY jack (R77) and 1 uF to ground (C71) on the radio, so its own time constant is 2.2 ms - a DC/slow input, not a signalling pin",
R4,330R,R_0402_1005Metric,C25104,,yes,"AUXIO line 1 series resistor, DB1-12 = FPGA pin 91. Limits contention to 7.4 mA worst case if the radio drives this pin while the DRIVE path is enabled. CW/PTT tip. Same network: 2.2k (R76), 100R (R78), 1 uF (C72)",
R5,330R,R_0402_1005Metric,C25104,,yes,"AUXIO line 2 series resistor, DB1-16 = FPGA pin 103. Limits contention to 7.4 mA worst case if the radio drives this pin while the DRIVE path is enabled. I2C1 SCL. 4.7k pull-up (R43) and it is a BUS: U6, the IDT 5P49V5923 VersaClock that generates the radio master clock, is on it",
R6,330R,R_0402_1005Metric,C25104,,yes,"AUXIO line 3 series resistor, DB1-18 = FPGA pin 104. Limits contention to 7.4 mA worst case if the radio drives this pin while the DRIVE path is enabled. I2C1 SDA. 4.7k pull-up (R44), same bus as SCL1",
R7,330R,R_0402_1005Metric,C25104,,yes,"JTAG TCK series resistor, buffer output into CN1 pin 1. Bounds a fight with a locally plugged USB Blaster to about 8 mA, and 330 R into the 15 pF of CN1 plus trace is 5 ns against the 41.7 ns period of a 24 MHz TCK",
R8,330R,R_0402_1005Metric,C25104,,yes,"JTAG TMS series resistor, buffer output into CN1 pin 5",
R9,330R,R_0402_1005Metric,C25104,,yes,"JTAG TDI series resistor, buffer output into CN1 pin 9",
R10,330R,R_0402_1005Metric,C25104,,yes,"JTAG TDO series resistor, CN1 pin 3 into a buffer input. Isolates the HL2 FPGA TDO pin from the cable entirely",
R11,10k,R_0402_1005Metric,C25744,,yes,Defines HL2_ADC_D0 (ADC data 0) while nothing drives it,
R12,10k,R_0402_1005Metric,C25744,,yes,Defines HL2_ADC_D1 (ADC data 1) while nothing drives it,
R13,10k,R_0402_1005Metric,C25744,,yes,Defines HL2_ADC_D2 (ADC data 2) while nothing drives it,
R14,10k,R_0402_1005Metric,C25744,,yes,Defines HL2_AUX_CLK_OUT (auxiliary clock out) while nothing drives it,
R15,10k,R_0402_1005Metric,C25744,,yes,Defines HL2_AUX_DAT_OUT (auxiliary data out) while nothing drives it,
R16,10k,R_0402_1005Metric,C25744,,yes,"JTAG-over-cable enable, HL2 side pull-UP. FPGA pin 80 (DB1-4) drives this LOW to enable. The direction matters: pulled up means disabled",
R17,10k,R_0402_1005Metric,C25744,,yes,"JTAG-over-cable enable, logic side pull-UP. A missing or unpowered U2 leaves the JTAG buffers tri-stated",
R18,10k,R_0402_1005Metric,C25744,,yes,"AUXIO drive enable, HL2 side pull-UP. FPGA pin 72 (DB1-1, through HL2 jumper J25) drives this LOW to enable. With J25 open the feature is simply unavailable",
R19,10k,R_0402_1005Metric,C25744,,yes,"AUXIO drive enable, logic side pull-UP. READ-ONLY is the power-up state and the failure state",
R20,10k,R_0402_1005Metric,C25744,,yes,"AUXIO drive buffer OE*, pull-UP. Pulled low only through the presence interlock Q1, so with no far end the drive path is tri-stated",
R21,1k,R_0402_1005Metric,C11702,,DNP,"JTAG_FORCE: fit to enable JTAG over the cable WITHOUT working HL2 gateware, which is the case you most want it in. On the buffer side of the link-alive gate Q3, because a radio with no link gateware makes no forward clock. 1 k beats the 10 k pull-up (0.30 V); U2 cannot fight it because Q3 is off whenever its source is HIGH","NOT FITTED. This is the recovery path for a radio whose gateware will not run: without it, remote reflashing depends on the gateware you are trying to replace."
R22,0R,R_0402_1005Metric,C17168,,yes,auxiliary clock (2.5 V) into HL2 pin 89 = DB12-5,
R23,0R,R_0402_1005Metric,C17168,,yes,auxiliary data (2.5 V) into HL2 pin 87 = DB12-2,
R24,0R,R_0402_1005Metric,C17168,,yes,"Transmit data lane 0 into DB1-11 (FPGA pin 99, a 3.3 V bank pin carrying LED D3 through 1 k). 0402 pads take 22 R instead if damping is ever wanted",
R25,0R,R_0402_1005Metric,C17168,,yes,"Transmit data lane 1 into DB1-15 (FPGA pin 100, a 3.3 V bank pin carrying LED D4 through 1 k). 0402 pads take 22 R instead if damping is ever wanted",
R26,0R,R_0402_1005Metric,C17168,,yes,"Transmit data lane 2 into DB1-17 (FPGA pin 101, a 3.3 V bank pin carrying LED D5 through 1 k). 0402 pads take 22 R instead if damping is ever wanted",
R27,1k,R_0402_1005Metric,C11702,,yes,"Presence assert: 1 k to +3V3, so the far end reads this board as present ONLY while it is powered. Against the far 10 k it gives 3.0 V at 0.3 mA",
R28,10k,R_0402_1005Metric,C25744,,yes,Presence detect: HIGH = the far end is plugged in AND powered. Also the link-reset input - the far end pulls it low,
R29,10k,R_0402_1005Metric,C25744,,yes,"JTAG TCK from the cable, pulled LOW so the buffer input is defined and TCK idles low with nothing plugged in",
R30,10k,R_0402_1005Metric,C25744,,yes,"JTAG TMS from the cable, pulled HIGH - the direction that walks a TAP controller to Test-Logic-Reset rather than into it",
R31,10k,R_0402_1005Metric,C25744,,yes,"JTAG TDI from the cable, pulled low so the buffer input is defined",
R32,10k,R_0402_1005Metric,C25744,,yes,"AUXIO line 0 from the cable, pulled UP to the not-keyed / bus-idle level. A floating, unplugged, unpowered or tri-stated far end therefore presents HIGH, and HIGH is not keyed on CW/PTT and is idle on I2C. NEVER A PULL-DOWN",
R33,10k,R_0402_1005Metric,C25744,,yes,"AUXIO line 1 from the cable, pulled UP to the not-keyed / bus-idle level. A floating, unplugged, unpowered or tri-stated far end therefore presents HIGH, and HIGH is not keyed on CW/PTT and is idle on I2C. NEVER A PULL-DOWN",
R34,10k,R_0402_1005Metric,C25744,,yes,"AUXIO line 2 from the cable, pulled UP to the not-keyed / bus-idle level. A floating, unplugged, unpowered or tri-stated far end therefore presents HIGH, and HIGH is not keyed on CW/PTT and is idle on I2C. NEVER A PULL-DOWN",
R35,10k,R_0402_1005Metric,C25744,,yes,"AUXIO line 3 from the cable, pulled UP to the not-keyed / bus-idle level. A floating, unplugged, unpowered or tri-stated far end therefore presents HIGH, and HIGH is not keyed on CW/PTT and is idle on I2C. NEVER A PULL-DOWN",
R36,10k,R_0402_1005Metric,C25744,,yes,Defines the spare driver channel input,
R37,100R,R_0402_1005Metric,C25076,,yes,100 ohm differential termination on the received AUXCLK pair (connector B2/B3). PLACE WITHIN 5 mm OF THE RECEIVER PINS,
R38,100R,R_0402_1005Metric,C25076,,yes,100 ohm differential termination on the received AUXDAT pair (connector B5/B6). PLACE WITHIN 5 mm OF THE RECEIVER PINS,
R39,100R,R_0402_1005Metric,C25076,,yes,100 ohm differential termination on the received REVCLK pair (connector B14/B15). PLACE WITHIN 5 mm OF THE RECEIVER PINS,
R40,100R,R_0402_1005Metric,C25076,,yes,100 ohm differential termination on the received TXD0 pair (connector B17/B18). PLACE WITHIN 5 mm OF THE RECEIVER PINS,
R41,100R,R_0402_1005Metric,C25076,,yes,100 ohm differential termination on the received TXD1 pair (connector B20/B21). PLACE WITHIN 5 mm OF THE RECEIVER PINS,
R42,100R,R_0402_1005Metric,C25076,,yes,100 ohm differential termination on the received TXD2 pair (connector B23/B24). PLACE WITHIN 5 mm OF THE RECEIVER PINS,
R43,100R,R_0402_1005Metric,C25076,,yes,100 ohm differential termination on the received DUPCLK pair (connector B32/B33). PLACE WITHIN 5 mm OF THE RECEIVER PINS,
R44,100R,R_0402_1005Metric,C25076,,yes,100 ohm differential termination on the received SPARE pair (connector B35/B36). PLACE WITHIN 5 mm OF THE RECEIVER PINS,
R45,100k,R_0402_1005Metric,C25741,,yes,"Link-alive detector discharge, 100 k: with the 10 nF a 1 ms time constant, so LINK_ALIVE falls within a few ms of the forward clock stopping",
R46,10k,R_0402_1005Metric,C25744,,yes,"Receiver enable pull-UP: U3, U6 and U7 outputs high-impedance unless Q2 pulls it low",
R47,10k,R_0402_1005Metric,C25744,,yes,Presence output-enable pull-UP: U8 and U10 port 1 off unless a powered far end is present,
R48,10k,R_0402_1005Metric,C25744,,yes,"TDO pull-UP on the buffer input: the FPGA TDO pin floats when not shifting, and a floating CMOS input is not allowed (TI SCES576I, note to 5.3)",
R49,10k,R_0402_1005Metric,C25744,,yes,"Defines RX_REVCLK, a U3 input, while the receivers are tri-stated",
R50,10k,R_0402_1005Metric,C25744,,yes,"Defines RX_DUPCLK, a U3 input, while the receivers are tri-stated",
R51,10k,R_0402_1005Metric,C25744,,yes,"Defines RX_AUXCLK, a U3 input, while the receivers are tri-stated",
R52,10k,R_0402_1005Metric,C25744,,yes,"Defines RX_AUXDAT, a U3 input, while the receivers are tri-stated",
R101,1k,R_0402_1005Metric,C11702,,yes,"Presence assert and link reset, from J14 position 30. The gateware drives HIGH for present and LOW for link reset; the radio end reads it against its own 10 k pull-down, 3.0 V high",
R102,10k,R_0402_1005Metric,C25744,,yes,"Presence detect pull-down, as at the radio end: HIGH only while the radio end is plugged in and powered",
R103,10k,R_0402_1005Metric,C25744,,yes,"Presence detect into J14 position 29. 10 k (was 1 k until 13 Sep 2026): in series with the FPGA input only, so reading is unaffected, and injection from a powered radio into an unpowered Tang falls from 1.35 mA to about 0.25 mA",
R104,330R,R_0402_1005Metric,C25104,,yes,"JTAG TCK to the radio, from J14 position 34",
R105,1k,R_0402_1005Metric,C11702,,yes,"TCK pull-DOWN. Holds TCK low while the Gowin is unconfigured, even against its strongest 400 uA pull-up (0.4 V), so no TCK edge leaves this end until the gateware makes one",
R106,330R,R_0402_1005Metric,C25104,,yes,"JTAG TMS to the radio, from J14 position 8",
R107,330R,R_0402_1005Metric,C25104,,yes,"JTAG TDI to the radio, from J14 position 33",
R108,330R,R_0402_1005Metric,C25104,,yes,JTAG TDO from the radio into J14 position 7,
R109,10k,R_0402_1005Metric,C25744,,yes,Defines TDO with no radio attached,
R110,100R,R_0402_1005Metric,C25076,,DNP,OPTIONAL external 100 ohm termination on the received AUXCLK pair,NOT FITTED. The FPGA terminates on-die (DIFF_RESISTOR=ON). Fit only if that is ever found not to work.
R111,100R,R_0402_1005Metric,C25076,,DNP,OPTIONAL external 100 ohm termination on the received AUXDAT pair,NOT FITTED. The FPGA terminates on-die (DIFF_RESISTOR=ON). Fit only if that is ever found not to work.
R112,100R,R_0402_1005Metric,C25076,,DNP,OPTIONAL external 100 ohm termination on the received FWDCLK pair,NOT FITTED. The FPGA terminates on-die (DIFF_RESISTOR=ON). Fit only if that is ever found not to work.
R113,100R,R_0402_1005Metric,C25076,,DNP,OPTIONAL external 100 ohm termination on the received ADCD0 pair,NOT FITTED. The FPGA terminates on-die (DIFF_RESISTOR=ON). Fit only if that is ever found not to work.
R114,100R,R_0402_1005Metric,C25076,,DNP,OPTIONAL external 100 ohm termination on the received ADCD1 pair,NOT FITTED. The FPGA terminates on-die (DIFF_RESISTOR=ON). Fit only if that is ever found not to work.
R115,100R,R_0402_1005Metric,C25076,,DNP,OPTIONAL external 100 ohm termination on the received ADCD2 pair,NOT FITTED. The FPGA terminates on-die (DIFF_RESISTOR=ON). Fit only if that is ever found not to work.
R116,100R,R_0402_1005Metric,C25076,,DNP,OPTIONAL external 100 ohm termination on the received DUPCLK pair,NOT FITTED. The FPGA terminates on-die (DIFF_RESISTOR=ON). Fit only if that is ever found not to work.
R117,0R,R_0805_2012Metric,C17477,,yes,"Connector shell to ground, as R_SHELL at the radio end",
SL_VLVDS,0R,R_0402_1005Metric,C17168,,DNP,Reference the translators' 2.5 V side to the radio's own Vlvds rail (DB1 pins 7/8) instead of U12,"NOT FITTED, and think before you do. Electrically ideal - the thresholds then track the FPGA bank supply exactly - but it draws this board's 50 mA from a 200 mA TPS73025 that already carries the Ethernet PHY RGMII I/O supply, four PLL supplies and VCCIO5 itself, with maybe 50 mA genuinely spare. Do not fit together with U12. Fit FB2 as well if you do."
TP1,TP_+3V3,TestPoint_Pad_D1.5mm,,,yes,,
TP2,TP_+2V5,TestPoint_Pad_D1.5mm,,,yes,,
TP3,TP_SB_PRSNT_IN,TestPoint_Pad_D1.5mm,,,yes,,
TP4,TP_JTAG_EN_N,TestPoint_Pad_D1.5mm,,,yes,,
TP5,TP_AUXIO_EN_N,TestPoint_Pad_D1.5mm,,,yes,,
TP6,TP_AUXIO_OE_N,TestPoint_Pad_D1.5mm,,,yes,,
TP7,TP_HL2_FWD_CLK,TestPoint_Pad_D1.5mm,,,yes,,
TP8,TP_HL2_REV_CLK,TestPoint_Pad_D1.5mm,,,yes,,
TP9,TP_GND,TestPoint_THTPad_D2.0mm_Drill1.0mm,,,yes,,
TP10,TP_LINK_ALIVE,TestPoint_Pad_D1.5mm,,,yes,,
TP101,TP_G_GND,TestPoint_THTPad_D2.0mm_Drill1.0mm,,,yes,,
U1,SN74AVC4T245PW,TSSOP-16_4.4x5mm_P0.65mm,C81461,SN74AVC4T245PWR,yes,"4-bit dual-supply translator, VCCA 2.5 V / VCCB 3.3 V. THE FORWARD GROUP: the 153.6 MHz forward clock and ADC data lanes 0, 1 and 2 - exactly four signals in exactly one package, so the clock cannot lead its data by the 1.1 to 3.7 ns part-to-part propagation delay. Within one package they share a channel-to-channel skew instead","Both DIR tied to VCCA (A->B), both OE* to GND - always enabled. The forward clock arrives on FPGA pin 98, which is a 3.3 V bank pin, so it comes through the R1/R2 divider first: the A-side absolute maximum is VCCA+0.5 = 3.0 V and 3.3 V direct would be out of spec."
U2,SN74AVC4T245PW,TSSOP-16_4.4x5mm_P0.65mm,C81461,SN74AVC4T245PWR,yes,"4-bit dual-supply translator, VCCA 2.5 V / VCCB 3.3 V. Port 1 is the auxiliary transmit pair - clock and data in one port so they share a skew. Port 2 carries the two ENABLE LEVELS the gateware controls: JTAG over the cable and the AUXIO drive direction, both active LOW, both DC","Both DIR to VCCA (A->B), both OE* to GND. The two enable channels are static levels, not signals. Neither reaches its buffer directly any more: JTAG_EN_RAW_N passes Q3 and AUXIO_EN_N passes Q4 and Q1, both gated by LINK_ALIVE, because stock HL2 gateware drives FPGA pins 72 and 80 LOW. Each enable is pulled UP at BOTH ends - to +2V5 on the HL2 side and to +3V3 on the logic side - so a missing part, an unpowered part, an unconfigured FPGA or an open HL2 jumper J25 all leave the feature DISABLED."
U3,SN74AVC4T245PW,TSSOP-16_4.4x5mm_P0.65mm,C81461,SN74AVC4T245PWR,yes,"4-bit dual-supply translator, VCCA 3.3 V / VCCB 2.5 V. Port 1 carries the two candidate reverse clocks - the primary and the duplicate - so whichever is selected has the same delay. Port 2 carries the auxiliary receive pair, clock and data together","Both DIR to VCCA (A->B). Both OE* = RX_EN_N: its B outputs drive FPGA pins 88, 89 and 87, and pin 87 is an OUTPUT in stock gateware, so they are high-impedance unless the forward clock is running and a far end is present (LINK_ALIVE, Q2). OE* is referenced to VCCA = 3.3 V. The duplicate clock output goes nowhere unless R_CLKSEL_B is fitted and R_CLKSEL_A removed; driving an open pad is harmless."
U4,DS90LV047A,SOIC-16_3.9x9.9mm_P1.27mm,C206491,DS90LV047ATMX/NOPB,yes,"Quad LVDS driver, 400 Mbps, SOIC-16. THE FORWARD GROUP: 153.6 MHz forward clock plus ADC data lanes 0, 1 and 2 at 307.2 Mbit/s each. Three lanes DDR at 153.6 MHz is 921.6 Mbit/s, the complete raw 12-bit 76.8 MSPS stream. All four channels used, none spare","EN = DRV_EN, EN* = GND. DRV_EN is SB_PRSNT_IN through the FITTED link R_DRVEN_PRSNT, so the drivers run only while a powered, configured far end asserts presence: a radio on with the Tang off pushes no LVDS current into the dead Gowin. REQUIRES the sideband cable (CAB-8654/8654-8i-P); the no-sideband variant leaves the link dead. R_DRVEN_ON (not fitted) forces them on for bench tests."
U5,DS90LV047A,SOIC-16_3.9x9.9mm_P1.27mm,C206491,DS90LV047ATMX/NOPB,yes,"Quad LVDS driver, 400 Mbps, SOIC-16. Channel 1 is the DUPLICATE forward clock, fed from the same translated net as the primary: the forward clock is the single point of failure for the whole receive path, the far end has spare pins and trains whichever lane works, and this costs one trace. Channels 2 and 3 are the auxiliary transmit pair, channel 4 is a spare driver channel with its input held low","EN = DRV_EN, EN* = GND. DRV_EN is SB_PRSNT_IN through the FITTED link R_DRVEN_PRSNT, so the drivers run only while a powered, configured far end asserts presence: a radio on with the Tang off pushes no LVDS current into the dead Gowin. REQUIRES the sideband cable (CAB-8654/8654-8i-P); the no-sideband variant leaves the link dead. R_DRVEN_ON (not fitted) forces them on for bench tests."
U6,DS90LV048A,TSSOP-16_4.4x5mm_P0.65mm,C87137,DS90LV048ATMTCX/NOPB,yes,"Quad LVDS receiver, 400 Mbps, TSSOP-16. The reverse group: reverse clock plus transmit data lanes 0, 1 and 2 at 307.2 Mbit/s, received simultaneously with the forward group. All four channels used","EN tied to +3V3, EN* = RX_EN_N. TI SNLS045C Table 1: outputs are enabled only for EN HIGH with EN* LOW or open, and TRI-STATE for every other combination (IOZ 10 uA max). RX_EN_N is pulled up to +3V3 and pulled low only by Q2 while LINK_ALIVE is high, so with stock gateware, no gateware, no far end or no cable these outputs cannot fight the radio FPGA."
U7,DS90LV048A,TSSOP-16_4.4x5mm_P0.65mm,C87137,DS90LV048ATMTCX/NOPB,yes,"Quad LVDS receiver, 400 Mbps, TSSOP-16. Channel 1 receives the far end's DUPLICATE forward clock, which is what makes the duplicate symmetric: fit R_CLKSEL_B instead of R_CLKSEL_A and FPGA pin 88 is fed from this channel instead. Channels 2 and 3 are the auxiliary receive pair, channel 4 a spare whose output is left unconnected","EN tied to +3V3, EN* = RX_EN_N. TI SNLS045C Table 1: outputs are enabled only for EN HIGH with EN* LOW or open, and TRI-STATE for every other combination (IOZ 10 uA max). RX_EN_N is pulled up to +3V3 and pulled low only by Q2 while LINK_ALIVE is high, so with stock gateware, no gateware, no far end or no cable these outputs cannot fight the radio FPGA."
U8,SN74AVC4T245PW,TSSOP-16_4.4x5mm_P0.65mm,C81461,SN74AVC4T245PWR,yes,"AUXIO READ path, all four lines. Both rails 3.3 V. A side = the radio (AUXIOn_T), B side = the cable (SB_AUXIOn_OUT). Both DIR HIGH, so A data to B bus (TI SCES576I Table 7-1): the radio side is a high-impedance input and only the cable side is driven. Enabled only while a powered far end asserts presence (PRSNT_OE_N)","DIR = +3V3 on both ports, OE* = PRSNT_OE_N on both ports. rev D as first built had both DIR on GND, which is B to A: it drove the radio CW key, PTT and clock-chip I2C pins from floating cable wires, always on. Fixed 13 Sep 2026; check_netlist.py derives every channel direction from the truth table."
U9,SN74AVC4T245PW,TSSOP-16_4.4x5mm_P0.65mm,C81461,SN74AVC4T245PWR,yes,"AUXIO DRIVE path, all four lines. Both rails 3.3 V, both DIR HIGH so the direction is A->B: the cable drives the HL2 pins. Both ports gated by AUXIO_OE_N, which is LOW only while the gateware enables AND a powered far end is present. Its inputs are pulled UP, so an absent far end can only ever pass the not-keyed HIGH level","DIR = +3V3 both ports, OE* = AUXIO_OE_N both ports. The gateware must tri-state FPGA pins 90, 91, 103 and 104 BEFORE asserting the enable - that is a software interlock, and the 330 R series resistors are what make getting it wrong survivable rather than fatal. Be aware that lines 2 and 3 are the I2C bus to the VersaClock that generates the radio master clock."
U10,SN74AVC4T245PW,TSSOP-16_4.4x5mm_P0.65mm,C81461,SN74AVC4T245PWR,yes,"JTAG buffers, part 1. Port 1 is A->B (1A1 = J_TDO_T from CN1, 1B1 = SB_TDO_OUT on the cable): it reads TDO and drives only the cable, enabled while a powered far end is present. Port 2 is A->B and GATED by JTAG_EN_N: TCK and TMS from the cable into CN1","Port 1: 1DIR = +3V3 (A->B), 1OE* = PRSNT_OE_N. rev D as first built had 1DIR on GND (B->A), which drove the FPGA TDO pin from the cable permanently; fixed 13 Sep 2026. Port 2: 2DIR = +3V3 (A->B), 2OE* = JTAG_EN_N, which is off unless the gateware enables AND the forward clock runs AND a far end is present."
U11,SN74AVC4T245PW,TSSOP-16_4.4x5mm_P0.65mm,C81461,SN74AVC4T245PWR,yes,"JTAG buffer part 2, and the clock buffer of the link-alive detector. Port 1 channel 1 is TDI from the cable into CN1, gated by JTAG_EN_N. Port 2 channel 1 buffers a copy of the translated forward clock DI_FWDCLK into the detector pump, always on, so the detector loads neither FPGA pin 98 nor its divider. PLACE BESIDE U1","Port 1: DIR = +3V3 (A->B), OE* = JTAG_EN_N; channel 2 input grounded. Port 2: DIR = +3V3 (A->B), OE* = GND; channel 1 DI_FWDCLK -> LA_CLK, channel 2 input grounded, output unconnected. Adds one CMOS input to the forward clock net, as U5 does, so keep the stub short: within 5 mm of U1."
U12,ME6211C25M5G,SOT-23-5,C194395,ME6211C25M5G-N,yes,"2.5 V 400 mA LDO, the 2.5 V side of U1, U2 and U3 only. Computed load 50 mA, so 8x of headroom and 40 mW of dissipation","Output tolerance +/-2%, so VCCA worst case 2.55 V and the translator VIH worst case 0.65 x 2.55 = 1.66 V against the HL2's guaranteed 2.0 V VOH: 340 mV of margin. Enable is tied to the input. If you would rather the thresholds tracked the FPGA's own bank supply exactly, fit SL_VLVDS and FB2 and remove U12 - but read the note on SL_VLVDS first."
